model,prompt,response,latency_seconds,response_length_chars,response_tokens_approx,success,context,relevance,coherence,factual_accuracy,num_of_citations_found,llm_judged_scores
llama3.2:3b,What are the admission requirements for undergraduate programs at USF?,"• To be considered for traditional FTIC admission and potentially qualify for merit-based scholarships, applicants must submit SAT, ACT, or CLT scores [1].
• Alternatively, to be considered for Florida Board of Governor’s Regulation 6.005 admission, applicants must submit the Florida A.A. Intent Form and an official transcript from a post-secondary/dual enrollment institution with Fall 2024 grades prior to admissions evaluation [1].

References:
[1] https://www.usf.edu/admissions/freshmen/admission-information/academic-requirements.aspx",3.303558588027954,542,135,True,"USF INFORMATION CONTEXT
[1] Source: Freshman Academic Requirements | University of South Florida (https://www.usf.edu/admissions/freshmen/admission-information/academic-requirements.aspx)
Content: application for Florida Board of Governor’s Regulation 6.005 consideration. -- Option 1: If you would like to be considered for traditional FTIC admission and potentially qualify for merit-based scholarships from the Admissions department, you will also need to submit SAT, ACT or CLT scores. Option 2: If you would like to be considered for Florida Board of Governor’s Regulation 6.005 admission, you will also need to submit the Florida A.A. Intent Form and an official transcript from the post-secondary/dual enrollment institution with Fall 2024 grades prior to admissions evaluation. To be automatically considered for both admission options, you must submit both your test scores and your post-secondary official transcript. Once admitted, you must: Pay the $200 admissions deposit. Reserve and attend a freshman Orientation date. Submit your final official college transcript that displays completion and award of an A.A. degree before you enroll in classes. Finish all other next steps on the...
[2] Source: About USF | University of South Florida (https://www.usf.edu/about-usf/)
Content: ld Report recognized USF with its highest overall ranking in university history, as a top 50 public university for the seventh consecutive year and as one of the top 15 best values among all public universities in the nation. Research that matters As a member of the Association of American Universities (AAU) , USF is now among the top research schools in North America. With a total annual economic impact of $6.02 billion, USF supports 68,704 jobs in the state. Our faculty and students are working on real-world problems, conducting research that impacts and improves lives—locally and around the world. USF Health As Tampa Bay’s only academic medical center, USF Health thrives in partnership with: Morsani College of Medicine (ranked No. 1 in the state ) College of Nursing College of Public Health Taneja College of Pharmacy School of Physical Therapy & Rehabilitation Sciences Biomedical Sciences Graduate & Postdoctoral Programs and USF Health’s multispecialty physicians group Together, USF...
[3] Source: Tampa Campus Facilities Services (https://www.usf.edu/facilities/service-center/index.aspx)
Content: l facility, please contact the Facilities Service Center at (813) 974-2845 or FM-ServiceCenter@usf.edu For an emergency facilities service request, call 813-974-2845 (24/7) All university Department work requests (paying and non-paying) must be submitted online . To learn more about the work request process, visit the Facilities Work Requests Page . Reserved Activity Requests Interested in hosting an activity on the Tampa campus? For information on submitting an activity request, securing rentals, or purchasing parking, visit the Reserved Activity Request page to learn more. You will also find additional resources for your activity, including parking accommodations, temporary signage requests, and rental items, such as tables and chairs. University Key Shop The Facilities Key Shop is responsible for the issuance of physical keys for E&G buildings. Moves and Relocations Need help with university Department-related moves and relocations? Visit the Moves and Relocations page for more info...
END CONTEXT
",0.171,1.0,0.4,2.0,"{'groundedness': 4, 'specificity': 5, 'citations': 5, 'clarity': 5}"
mistral:7b,What are the admission requirements for undergraduate programs at USF?," Admission Requirements for Undergraduate Programs at USF:

• Submit an application for Florida Board of Governor’s Regulation 6.005 consideration [1]
   - Option 1: SAT, ACT or CLT scores and official transcript from a post-secondary/dual enrollment institution with Fall 2024 grades before admissions evaluation
   - Option 2: Florida A.A. Intent Form and an official transcript from the post-secondary/dual enrollment institution with Fall 2024 grades prior to admissions evaluation
• To be automatically considered for both admission options, submit both test scores and your post-secondary official transcript [1]
• Pay the $200 admissions deposit once admitted [1]
• Reserve and attend a freshman Orientation date [1]
• Submit your final official college transcript that displays completion and award of an A.A. degree before enrolling in classes [1]
• Finish all other next steps on the provided checklist after admission [1]

References:
[1] https://www.usf.edu/admissions/freshmen/admission-information/academic-requirements.aspx",5.922416925430298,1038,259,True,"USF INFORMATION CONTEXT
[1] Source: Freshman Academic Requirements | University of South Florida (https://www.usf.edu/admissions/freshmen/admission-information/academic-requirements.aspx)
Content: application for Florida Board of Governor’s Regulation 6.005 consideration. -- Option 1: If you would like to be considered for traditional FTIC admission and potentially qualify for merit-based scholarships from the Admissions department, you will also need to submit SAT, ACT or CLT scores. Option 2: If you would like to be considered for Florida Board of Governor’s Regulation 6.005 admission, you will also need to submit the Florida A.A. Intent Form and an official transcript from the post-secondary/dual enrollment institution with Fall 2024 grades prior to admissions evaluation. To be automatically considered for both admission options, you must submit both your test scores and your post-secondary official transcript. Once admitted, you must: Pay the $200 admissions deposit. Reserve and attend a freshman Orientation date. Submit your final official college transcript that displays completion and award of an A.A. degree before you enroll in classes. Finish all other next steps on the...
[2] Source: About USF | University of South Florida (https://www.usf.edu/about-usf/)
Content: ld Report recognized USF with its highest overall ranking in university history, as a top 50 public university for the seventh consecutive year and as one of the top 15 best values among all public universities in the nation. Research that matters As a member of the Association of American Universities (AAU) , USF is now among the top research schools in North America. With a total annual economic impact of $6.02 billion, USF supports 68,704 jobs in the state. Our faculty and students are working on real-world problems, conducting research that impacts and improves lives—locally and around the world. USF Health As Tampa Bay’s only academic medical center, USF Health thrives in partnership with: Morsani College of Medicine (ranked No. 1 in the state ) College of Nursing College of Public Health Taneja College of Pharmacy School of Physical Therapy & Rehabilitation Sciences Biomedical Sciences Graduate & Postdoctoral Programs and USF Health’s multispecialty physicians group Together, USF...
[3] Source: Tampa Campus Facilities Services (https://www.usf.edu/facilities/service-center/index.aspx)
Content: l facility, please contact the Facilities Service Center at (813) 974-2845 or FM-ServiceCenter@usf.edu For an emergency facilities service request, call 813-974-2845 (24/7) All university Department work requests (paying and non-paying) must be submitted online . To learn more about the work request process, visit the Facilities Work Requests Page . Reserved Activity Requests Interested in hosting an activity on the Tampa campus? For information on submitting an activity request, securing rentals, or purchasing parking, visit the Reserved Activity Request page to learn more. You will also find additional resources for your activity, including parking accommodations, temporary signage requests, and rental items, such as tables and chairs. University Key Shop The Facilities Key Shop is responsible for the issuance of physical keys for E&G buildings. Moves and Relocations Need help with university Department-related moves and relocations? Visit the Moves and Relocations page for more info...
END CONTEXT
",0.219,1.0,1.0,6.0,"{'groundedness': 4, 'specificity': 5, 'citations': 5, 'clarity': 4}"
llama3.1:8b,What are the admission requirements for undergraduate programs at USF?,"Here are the admission requirements for undergraduate programs at USF:

• To be considered for traditional FTIC (First-Time-In-College) admission and potentially qualify for merit-based scholarships from the Admissions department, you must submit SAT, ACT or CLT scores [1].
• To be considered for Florida Board of Governor’s Regulation 6.005 admission, you must submit:
	+ The Florida A.A. Intent Form
	+ An official transcript from the post-secondary/dual enrollment institution with Fall 2024 grades prior to admissions evaluation
• To be automatically considered for both admission options, you must submit both your test scores and your post-secondary official transcript.

References:

[1] https://www.usf.edu/admissions/freshmen/admission-information/academic-requirements.aspx",5.033332109451294,784,196,True,"USF INFORMATION CONTEXT
[1] Source: Freshman Academic Requirements | University of South Florida (https://www.usf.edu/admissions/freshmen/admission-information/academic-requirements.aspx)
Content: application for Florida Board of Governor’s Regulation 6.005 consideration. -- Option 1: If you would like to be considered for traditional FTIC admission and potentially qualify for merit-based scholarships from the Admissions department, you will also need to submit SAT, ACT or CLT scores. Option 2: If you would like to be considered for Florida Board of Governor’s Regulation 6.005 admission, you will also need to submit the Florida A.A. Intent Form and an official transcript from the post-secondary/dual enrollment institution with Fall 2024 grades prior to admissions evaluation. To be automatically considered for both admission options, you must submit both your test scores and your post-secondary official transcript. Once admitted, you must: Pay the $200 admissions deposit. Reserve and attend a freshman Orientation date. Submit your final official college transcript that displays completion and award of an A.A. degree before you enroll in classes. Finish all other next steps on the...
[2] Source: About USF | University of South Florida (https://www.usf.edu/about-usf/)
Content: ld Report recognized USF with its highest overall ranking in university history, as a top 50 public university for the seventh consecutive year and as one of the top 15 best values among all public universities in the nation. Research that matters As a member of the Association of American Universities (AAU) , USF is now among the top research schools in North America. With a total annual economic impact of $6.02 billion, USF supports 68,704 jobs in the state. Our faculty and students are working on real-world problems, conducting research that impacts and improves lives—locally and around the world. USF Health As Tampa Bay’s only academic medical center, USF Health thrives in partnership with: Morsani College of Medicine (ranked No. 1 in the state ) College of Nursing College of Public Health Taneja College of Pharmacy School of Physical Therapy & Rehabilitation Sciences Biomedical Sciences Graduate & Postdoctoral Programs and USF Health’s multispecialty physicians group Together, USF...
[3] Source: Tampa Campus Facilities Services (https://www.usf.edu/facilities/service-center/index.aspx)
Content: l facility, please contact the Facilities Service Center at (813) 974-2845 or FM-ServiceCenter@usf.edu For an emergency facilities service request, call 813-974-2845 (24/7) All university Department work requests (paying and non-paying) must be submitted online . To learn more about the work request process, visit the Facilities Work Requests Page . Reserved Activity Requests Interested in hosting an activity on the Tampa campus? For information on submitting an activity request, securing rentals, or purchasing parking, visit the Reserved Activity Request page to learn more. You will also find additional resources for your activity, including parking accommodations, temporary signage requests, and rental items, such as tables and chairs. University Key Shop The Facilities Key Shop is responsible for the issuance of physical keys for E&G buildings. Moves and Relocations Need help with university Department-related moves and relocations? Visit the Moves and Relocations page for more info...
END CONTEXT
",0.339,1.0,0.2,1.0,"{'groundedness': 5, 'specificity': 5, 'citations': 5, 'clarity': 5}"
llama3.2:3b,Can you provide information about the campus facilities at USF?,"Here's the information about USF campus facilities based on the provided context:

• For facility-related services and maintenance requests, contact the Facilities Service Center at (813) 974-2845 or FM-ServiceCenter@usf.edu [1].
• All university Department work requests must be submitted online [1].
• For emergency facilities service requests, call 813-974-2845 (24/7) [1].
• To learn more about the work request process, visit the Facilities Work Requests Page [1].

There is no information available in the context regarding specific details about campus facilities such as reserved activity requests, university key shops, or moves and relocations.

References:
[1] Tampa Campus Facilities Services (https://www.usf.edu/facilities/service-center/index.aspx)",1.2787206172943115,763,190,True,"USF INFORMATION CONTEXT
[1] Source: Freshman Academic Requirements | University of South Florida (https://www.usf.edu/admissions/freshmen/admission-information/academic-requirements.aspx)
Content: application for Florida Board of Governor’s Regulation 6.005 consideration. -- Option 1: If you would like to be considered for traditional FTIC admission and potentially qualify for merit-based scholarships from the Admissions department, you will also need to submit SAT, ACT or CLT scores. Option 2: If you would like to be considered for Florida Board of Governor’s Regulation 6.005 admission, you will also need to submit the Florida A.A. Intent Form and an official transcript from the post-secondary/dual enrollment institution with Fall 2024 grades prior to admissions evaluation. To be automatically considered for both admission options, you must submit both your test scores and your post-secondary official transcript. Once admitted, you must: Pay the $200 admissions deposit. Reserve and attend a freshman Orientation date. Submit your final official college transcript that displays completion and award of an A.A. degree before you enroll in classes. Finish all other next steps on the...
[2] Source: About USF | University of South Florida (https://www.usf.edu/about-usf/)
Content: ld Report recognized USF with its highest overall ranking in university history, as a top 50 public university for the seventh consecutive year and as one of the top 15 best values among all public universities in the nation. Research that matters As a member of the Association of American Universities (AAU) , USF is now among the top research schools in North America. With a total annual economic impact of $6.02 billion, USF supports 68,704 jobs in the state. Our faculty and students are working on real-world problems, conducting research that impacts and improves lives—locally and around the world. USF Health As Tampa Bay’s only academic medical center, USF Health thrives in partnership with: Morsani College of Medicine (ranked No. 1 in the state ) College of Nursing College of Public Health Taneja College of Pharmacy School of Physical Therapy & Rehabilitation Sciences Biomedical Sciences Graduate & Postdoctoral Programs and USF Health’s multispecialty physicians group Together, USF...
[3] Source: Tampa Campus Facilities Services (https://www.usf.edu/facilities/service-center/index.aspx)
Content: l facility, please contact the Facilities Service Center at (813) 974-2845 or FM-ServiceCenter@usf.edu For an emergency facilities service request, call 813-974-2845 (24/7) All university Department work requests (paying and non-paying) must be submitted online . To learn more about the work request process, visit the Facilities Work Requests Page . Reserved Activity Requests Interested in hosting an activity on the Tampa campus? For information on submitting an activity request, securing rentals, or purchasing parking, visit the Reserved Activity Request page to learn more. You will also find additional resources for your activity, including parking accommodations, temporary signage requests, and rental items, such as tables and chairs. University Key Shop The Facilities Key Shop is responsible for the issuance of physical keys for E&G buildings. Moves and Relocations Need help with university Department-related moves and relocations? Visit the Moves and Relocations page for more info...
END CONTEXT
",0.355,1.0,0.9,4.0,"{'groundedness': 4, 'specificity': 5, 'citations': 5, 'clarity': 5}"
mistral:7b,Can you provide information about the campus facilities at USF?," Here's some information about campus facilities at USF:

- Facility Services: Contact the Facilities Service Center at (813) 974-2845 or FM-ServiceCenter@usf.edu [1]
- For an emergency facilities service request, call 813-974-2845 (available 24/7) [1]
- All university Department work requests (paying and non-paying) must be submitted online [1]
- To learn more about the work request process, visit the Facilities Work Requests Page [1]
- Reserved Activity Requests: For information on submitting an activity request, securing rentals, or purchasing parking, visit the Reserved Activity Request page [1]
- University Key Shop: Responsible for the issuance of physical keys for E&G buildings [1]
- Moves and Relocations: Visit the Moves and Relocations page for more info regarding university Department-related moves and relocations [1]
- Additional resources for your activity can be found on the Reserved Activity Request page, including parking accommodations, temporary signage requests, and rental items such as tables and chairs [1]

References:
[1] Source: Tampa Campus Facilities Services (https://www.usf.edu/facilities/service-center/index.aspx)",3.9182374477386475,1158,289,True,"USF INFORMATION CONTEXT
[1] Source: Freshman Academic Requirements | University of South Florida (https://www.usf.edu/admissions/freshmen/admission-information/academic-requirements.aspx)
Content: application for Florida Board of Governor’s Regulation 6.005 consideration. -- Option 1: If you would like to be considered for traditional FTIC admission and potentially qualify for merit-based scholarships from the Admissions department, you will also need to submit SAT, ACT or CLT scores. Option 2: If you would like to be considered for Florida Board of Governor’s Regulation 6.005 admission, you will also need to submit the Florida A.A. Intent Form and an official transcript from the post-secondary/dual enrollment institution with Fall 2024 grades prior to admissions evaluation. To be automatically considered for both admission options, you must submit both your test scores and your post-secondary official transcript. Once admitted, you must: Pay the $200 admissions deposit. Reserve and attend a freshman Orientation date. Submit your final official college transcript that displays completion and award of an A.A. degree before you enroll in classes. Finish all other next steps on the...
[2] Source: About USF | University of South Florida (https://www.usf.edu/about-usf/)
Content: ld Report recognized USF with its highest overall ranking in university history, as a top 50 public university for the seventh consecutive year and as one of the top 15 best values among all public universities in the nation. Research that matters As a member of the Association of American Universities (AAU) , USF is now among the top research schools in North America. With a total annual economic impact of $6.02 billion, USF supports 68,704 jobs in the state. Our faculty and students are working on real-world problems, conducting research that impacts and improves lives—locally and around the world. USF Health As Tampa Bay’s only academic medical center, USF Health thrives in partnership with: Morsani College of Medicine (ranked No. 1 in the state ) College of Nursing College of Public Health Taneja College of Pharmacy School of Physical Therapy & Rehabilitation Sciences Biomedical Sciences Graduate & Postdoctoral Programs and USF Health’s multispecialty physicians group Together, USF...
[3] Source: Tampa Campus Facilities Services (https://www.usf.edu/facilities/service-center/index.aspx)
Content: l facility, please contact the Facilities Service Center at (813) 974-2845 or FM-ServiceCenter@usf.edu For an emergency facilities service request, call 813-974-2845 (24/7) All university Department work requests (paying and non-paying) must be submitted online . To learn more about the work request process, visit the Facilities Work Requests Page . Reserved Activity Requests Interested in hosting an activity on the Tampa campus? For information on submitting an activity request, securing rentals, or purchasing parking, visit the Reserved Activity Request page to learn more. You will also find additional resources for your activity, including parking accommodations, temporary signage requests, and rental items, such as tables and chairs. University Key Shop The Facilities Key Shop is responsible for the issuance of physical keys for E&G buildings. Moves and Relocations Need help with university Department-related moves and relocations? Visit the Moves and Relocations page for more info...
END CONTEXT
",0.263,1.0,1.0,8.0,"{'groundedness': 5, 'specificity': 5, 'citations': 5, 'clarity': 5}"
llama3.1:8b,Can you provide information about the campus facilities at USF?,"Here's the information about campus facilities at USF:

• The Facilities Service Center can be contacted for non-emergency facility requests, and you can reach them at (813) 974-2845 or FM-ServiceCenter@usf.edu. 
• For emergency facilities service requests, call 813-974-2845 (24/7).
• All university department work requests must be submitted online.
• The Facilities Work Requests Page is available for more information on the work request process.
• To reserve an activity on campus or to rent a facility, visit the Reserved Activity Request page.

You can also contact the Facilities Key Shop for physical keys for E&G buildings [3]. If you need help with department-related moves and relocations, visit the Moves and Relocations page for more information [3].

References:
[1] https://www.usf.edu/admissions/freshmen/admission-information/academic-requirements.aspx
[2] https://www.usf.edu/about-usf/
[3] https://www.usf.edu/facilities/service-center/index.aspx",2.8477163314819336,966,241,True,"USF INFORMATION CONTEXT
[1] Source: Freshman Academic Requirements | University of South Florida (https://www.usf.edu/admissions/freshmen/admission-information/academic-requirements.aspx)
Content: application for Florida Board of Governor’s Regulation 6.005 consideration. -- Option 1: If you would like to be considered for traditional FTIC admission and potentially qualify for merit-based scholarships from the Admissions department, you will also need to submit SAT, ACT or CLT scores. Option 2: If you would like to be considered for Florida Board of Governor’s Regulation 6.005 admission, you will also need to submit the Florida A.A. Intent Form and an official transcript from the post-secondary/dual enrollment institution with Fall 2024 grades prior to admissions evaluation. To be automatically considered for both admission options, you must submit both your test scores and your post-secondary official transcript. Once admitted, you must: Pay the $200 admissions deposit. Reserve and attend a freshman Orientation date. Submit your final official college transcript that displays completion and award of an A.A. degree before you enroll in classes. Finish all other next steps on the...
[2] Source: About USF | University of South Florida (https://www.usf.edu/about-usf/)
Content: ld Report recognized USF with its highest overall ranking in university history, as a top 50 public university for the seventh consecutive year and as one of the top 15 best values among all public universities in the nation. Research that matters As a member of the Association of American Universities (AAU) , USF is now among the top research schools in North America. With a total annual economic impact of $6.02 billion, USF supports 68,704 jobs in the state. Our faculty and students are working on real-world problems, conducting research that impacts and improves lives—locally and around the world. USF Health As Tampa Bay’s only academic medical center, USF Health thrives in partnership with: Morsani College of Medicine (ranked No. 1 in the state ) College of Nursing College of Public Health Taneja College of Pharmacy School of Physical Therapy & Rehabilitation Sciences Biomedical Sciences Graduate & Postdoctoral Programs and USF Health’s multispecialty physicians group Together, USF...
[3] Source: Tampa Campus Facilities Services (https://www.usf.edu/facilities/service-center/index.aspx)
Content: l facility, please contact the Facilities Service Center at (813) 974-2845 or FM-ServiceCenter@usf.edu For an emergency facilities service request, call 813-974-2845 (24/7) All university Department work requests (paying and non-paying) must be submitted online . To learn more about the work request process, visit the Facilities Work Requests Page . Reserved Activity Requests Interested in hosting an activity on the Tampa campus? For information on submitting an activity request, securing rentals, or purchasing parking, visit the Reserved Activity Request page to learn more. You will also find additional resources for your activity, including parking accommodations, temporary signage requests, and rental items, such as tables and chairs. University Key Shop The Facilities Key Shop is responsible for the issuance of physical keys for E&G buildings. Moves and Relocations Need help with university Department-related moves and relocations? Visit the Moves and Relocations page for more info...
END CONTEXT
",0.421,1.0,0.4,2.0,"{'groundedness': 5, 'specificity': 5, 'citations': 5, 'clarity': 5}"
llama3.2:3b,What research opportunities are available for students at USF?,"• USF is a member of the Association of American Universities (AAU), which indicates it is among the top research schools in North America [2].
• The university's faculty and students are working on real-world problems, conducting research that impacts and improves lives—locally and around the world.
• Specifically, USF Health thrives in partnership with several colleges and programs, including Morsani College of Medicine, which is ranked No. 1 in the state [2].
• Unfortunately, no further information about specific research opportunities for students at USF is available within the provided context.",1.0049691200256348,606,151,True,"USF INFORMATION CONTEXT
[1] Source: Freshman Academic Requirements | University of South Florida (https://www.usf.edu/admissions/freshmen/admission-information/academic-requirements.aspx)
Content: application for Florida Board of Governor’s Regulation 6.005 consideration. -- Option 1: If you would like to be considered for traditional FTIC admission and potentially qualify for merit-based scholarships from the Admissions department, you will also need to submit SAT, ACT or CLT scores. Option 2: If you would like to be considered for Florida Board of Governor’s Regulation 6.005 admission, you will also need to submit the Florida A.A. Intent Form and an official transcript from the post-secondary/dual enrollment institution with Fall 2024 grades prior to admissions evaluation. To be automatically considered for both admission options, you must submit both your test scores and your post-secondary official transcript. Once admitted, you must: Pay the $200 admissions deposit. Reserve and attend a freshman Orientation date. Submit your final official college transcript that displays completion and award of an A.A. degree before you enroll in classes. Finish all other next steps on the...
[2] Source: About USF | University of South Florida (https://www.usf.edu/about-usf/)
Content: ld Report recognized USF with its highest overall ranking in university history, as a top 50 public university for the seventh consecutive year and as one of the top 15 best values among all public universities in the nation. Research that matters As a member of the Association of American Universities (AAU) , USF is now among the top research schools in North America. With a total annual economic impact of $6.02 billion, USF supports 68,704 jobs in the state. Our faculty and students are working on real-world problems, conducting research that impacts and improves lives—locally and around the world. USF Health As Tampa Bay’s only academic medical center, USF Health thrives in partnership with: Morsani College of Medicine (ranked No. 1 in the state ) College of Nursing College of Public Health Taneja College of Pharmacy School of Physical Therapy & Rehabilitation Sciences Biomedical Sciences Graduate & Postdoctoral Programs and USF Health’s multispecialty physicians group Together, USF...
[3] Source: Tampa Campus Facilities Services (https://www.usf.edu/facilities/service-center/index.aspx)
Content: l facility, please contact the Facilities Service Center at (813) 974-2845 or FM-ServiceCenter@usf.edu For an emergency facilities service request, call 813-974-2845 (24/7) All university Department work requests (paying and non-paying) must be submitted online . To learn more about the work request process, visit the Facilities Work Requests Page . Reserved Activity Requests Interested in hosting an activity on the Tampa campus? For information on submitting an activity request, securing rentals, or purchasing parking, visit the Reserved Activity Request page to learn more. You will also find additional resources for your activity, including parking accommodations, temporary signage requests, and rental items, such as tables and chairs. University Key Shop The Facilities Key Shop is responsible for the issuance of physical keys for E&G buildings. Moves and Relocations Need help with university Department-related moves and relocations? Visit the Moves and Relocations page for more info...
END CONTEXT
",0.232,1.0,0.4,2.0,"{'groundedness': 4, 'specificity': 5, 'citations': 5, 'clarity': 5}"
mistral:7b,What research opportunities are available for students at USF?," Research opportunities for students at USF include:

• Conducting research that impacts and improves lives—locally and around the world [2]
• Working on real-world problems as a member of the Association of American Universities (AAU) [2]
• Being part of USF Health, which includes partnerships with Morsani College of Medicine, College of Nursing, College of Public Health, Taneja College of Pharmacy, School of Physical Therapy & Rehabilitation Sciences, Biomedical Sciences Graduate & Postdoctoral Programs, and USF Health’s multispecialty physicians group [2]

References:
[1] https://www.usf.edu/admissions/freshmen/admission-information/academic-requirements.aspx
[2] https://www.usf.edu/about-usf/",2.5822343826293945,705,176,True,"USF INFORMATION CONTEXT
[1] Source: Freshman Academic Requirements | University of South Florida (https://www.usf.edu/admissions/freshmen/admission-information/academic-requirements.aspx)
Content: application for Florida Board of Governor’s Regulation 6.005 consideration. -- Option 1: If you would like to be considered for traditional FTIC admission and potentially qualify for merit-based scholarships from the Admissions department, you will also need to submit SAT, ACT or CLT scores. Option 2: If you would like to be considered for Florida Board of Governor’s Regulation 6.005 admission, you will also need to submit the Florida A.A. Intent Form and an official transcript from the post-secondary/dual enrollment institution with Fall 2024 grades prior to admissions evaluation. To be automatically considered for both admission options, you must submit both your test scores and your post-secondary official transcript. Once admitted, you must: Pay the $200 admissions deposit. Reserve and attend a freshman Orientation date. Submit your final official college transcript that displays completion and award of an A.A. degree before you enroll in classes. Finish all other next steps on the...
[2] Source: About USF | University of South Florida (https://www.usf.edu/about-usf/)
Content: ld Report recognized USF with its highest overall ranking in university history, as a top 50 public university for the seventh consecutive year and as one of the top 15 best values among all public universities in the nation. Research that matters As a member of the Association of American Universities (AAU) , USF is now among the top research schools in North America. With a total annual economic impact of $6.02 billion, USF supports 68,704 jobs in the state. Our faculty and students are working on real-world problems, conducting research that impacts and improves lives—locally and around the world. USF Health As Tampa Bay’s only academic medical center, USF Health thrives in partnership with: Morsani College of Medicine (ranked No. 1 in the state ) College of Nursing College of Public Health Taneja College of Pharmacy School of Physical Therapy & Rehabilitation Sciences Biomedical Sciences Graduate & Postdoctoral Programs and USF Health’s multispecialty physicians group Together, USF...
[3] Source: Tampa Campus Facilities Services (https://www.usf.edu/facilities/service-center/index.aspx)
Content: l facility, please contact the Facilities Service Center at (813) 974-2845 or FM-ServiceCenter@usf.edu For an emergency facilities service request, call 813-974-2845 (24/7) All university Department work requests (paying and non-paying) must be submitted online . To learn more about the work request process, visit the Facilities Work Requests Page . Reserved Activity Requests Interested in hosting an activity on the Tampa campus? For information on submitting an activity request, securing rentals, or purchasing parking, visit the Reserved Activity Request page to learn more. You will also find additional resources for your activity, including parking accommodations, temporary signage requests, and rental items, such as tables and chairs. University Key Shop The Facilities Key Shop is responsible for the issuance of physical keys for E&G buildings. Moves and Relocations Need help with university Department-related moves and relocations? Visit the Moves and Relocations page for more info...
END CONTEXT
",0.177,1.0,0.6,3.0,"{'groundedness': 2, 'specificity': 4, 'citations': 5, 'clarity': 4}"
llama3.1:8b,What research opportunities are available for students at USF?,"As a member of the Association of American Universities (AAU), USF is now among the top research schools in North America [2]. This indicates that students have access to a wide range of research opportunities.

• Research collaborations with faculty and other students on real-world problems, conducting research that impacts and improves lives—locally and around the world
• Opportunities to work on research projects within various colleges, such as USF Health's multispecialty physicians group

We also know that USF has a total annual economic impact of $6.02 billion, supporting 68,704 jobs in the state [2], which suggests a significant investment in research and its applications.

References:
[2] https://www.usf.edu/about-usf/",2.0632894039154053,736,184,True,"USF INFORMATION CONTEXT
[1] Source: Freshman Academic Requirements | University of South Florida (https://www.usf.edu/admissions/freshmen/admission-information/academic-requirements.aspx)
Content: application for Florida Board of Governor’s Regulation 6.005 consideration. -- Option 1: If you would like to be considered for traditional FTIC admission and potentially qualify for merit-based scholarships from the Admissions department, you will also need to submit SAT, ACT or CLT scores. Option 2: If you would like to be considered for Florida Board of Governor’s Regulation 6.005 admission, you will also need to submit the Florida A.A. Intent Form and an official transcript from the post-secondary/dual enrollment institution with Fall 2024 grades prior to admissions evaluation. To be automatically considered for both admission options, you must submit both your test scores and your post-secondary official transcript. Once admitted, you must: Pay the $200 admissions deposit. Reserve and attend a freshman Orientation date. Submit your final official college transcript that displays completion and award of an A.A. degree before you enroll in classes. Finish all other next steps on the...
[2] Source: About USF | University of South Florida (https://www.usf.edu/about-usf/)
Content: ld Report recognized USF with its highest overall ranking in university history, as a top 50 public university for the seventh consecutive year and as one of the top 15 best values among all public universities in the nation. Research that matters As a member of the Association of American Universities (AAU) , USF is now among the top research schools in North America. With a total annual economic impact of $6.02 billion, USF supports 68,704 jobs in the state. Our faculty and students are working on real-world problems, conducting research that impacts and improves lives—locally and around the world. USF Health As Tampa Bay’s only academic medical center, USF Health thrives in partnership with: Morsani College of Medicine (ranked No. 1 in the state ) College of Nursing College of Public Health Taneja College of Pharmacy School of Physical Therapy & Rehabilitation Sciences Biomedical Sciences Graduate & Postdoctoral Programs and USF Health’s multispecialty physicians group Together, USF...
[3] Source: Tampa Campus Facilities Services (https://www.usf.edu/facilities/service-center/index.aspx)
Content: l facility, please contact the Facilities Service Center at (813) 974-2845 or FM-ServiceCenter@usf.edu For an emergency facilities service request, call 813-974-2845 (24/7) All university Department work requests (paying and non-paying) must be submitted online . To learn more about the work request process, visit the Facilities Work Requests Page . Reserved Activity Requests Interested in hosting an activity on the Tampa campus? For information on submitting an activity request, securing rentals, or purchasing parking, visit the Reserved Activity Request page to learn more. You will also find additional resources for your activity, including parking accommodations, temporary signage requests, and rental items, such as tables and chairs. University Key Shop The Facilities Key Shop is responsible for the issuance of physical keys for E&G buildings. Moves and Relocations Need help with university Department-related moves and relocations? Visit the Moves and Relocations page for more info...
END CONTEXT
",0.212,1.0,0.4,2.0,"{'groundedness': 3, 'specificity': 4, 'citations': 5, 'clarity': 5}"
llama3.2:3b,How does USF support student mental health and well-being?,"Unfortunately, the provided context does not mention USF's specific support for student mental health and well-being.

• The context mentions various university facilities and services, such as the Facilities Service Center [3] and University Key Shop [3], which may be relevant to students' daily needs, but it does not provide information on mental health and well-being initiatives or resources.
• There is no mention of research programs or departments focused on mental health or student wellness within USF's provided content.

The context only discusses general university information, including admissions requirements [1] and campus highlights [2].

References:
[3] Tampa Campus Facilities Services. (https://www.usf.edu/facilities/service-center/index.aspx)",1.1959967613220215,767,191,True,"USF INFORMATION CONTEXT
[1] Source: Freshman Academic Requirements | University of South Florida (https://www.usf.edu/admissions/freshmen/admission-information/academic-requirements.aspx)
Content: application for Florida Board of Governor’s Regulation 6.005 consideration. -- Option 1: If you would like to be considered for traditional FTIC admission and potentially qualify for merit-based scholarships from the Admissions department, you will also need to submit SAT, ACT or CLT scores. Option 2: If you would like to be considered for Florida Board of Governor’s Regulation 6.005 admission, you will also need to submit the Florida A.A. Intent Form and an official transcript from the post-secondary/dual enrollment institution with Fall 2024 grades prior to admissions evaluation. To be automatically considered for both admission options, you must submit both your test scores and your post-secondary official transcript. Once admitted, you must: Pay the $200 admissions deposit. Reserve and attend a freshman Orientation date. Submit your final official college transcript that displays completion and award of an A.A. degree before you enroll in classes. Finish all other next steps on the...
[2] Source: About USF | University of South Florida (https://www.usf.edu/about-usf/)
Content: ld Report recognized USF with its highest overall ranking in university history, as a top 50 public university for the seventh consecutive year and as one of the top 15 best values among all public universities in the nation. Research that matters As a member of the Association of American Universities (AAU) , USF is now among the top research schools in North America. With a total annual economic impact of $6.02 billion, USF supports 68,704 jobs in the state. Our faculty and students are working on real-world problems, conducting research that impacts and improves lives—locally and around the world. USF Health As Tampa Bay’s only academic medical center, USF Health thrives in partnership with: Morsani College of Medicine (ranked No. 1 in the state ) College of Nursing College of Public Health Taneja College of Pharmacy School of Physical Therapy & Rehabilitation Sciences Biomedical Sciences Graduate & Postdoctoral Programs and USF Health’s multispecialty physicians group Together, USF...
[3] Source: Tampa Campus Facilities Services (https://www.usf.edu/facilities/service-center/index.aspx)
Content: l facility, please contact the Facilities Service Center at (813) 974-2845 or FM-ServiceCenter@usf.edu For an emergency facilities service request, call 813-974-2845 (24/7) All university Department work requests (paying and non-paying) must be submitted online . To learn more about the work request process, visit the Facilities Work Requests Page . Reserved Activity Requests Interested in hosting an activity on the Tampa campus? For information on submitting an activity request, securing rentals, or purchasing parking, visit the Reserved Activity Request page to learn more. You will also find additional resources for your activity, including parking accommodations, temporary signage requests, and rental items, such as tables and chairs. University Key Shop The Facilities Key Shop is responsible for the issuance of physical keys for E&G buildings. Moves and Relocations Need help with university Department-related moves and relocations? Visit the Moves and Relocations page for more info...
END CONTEXT
",0.371,1.0,0.8,4.0,"{'groundedness': 4, 'specificity': 5, 'citations': 5, 'clarity': 5}"
mistral:7b,How does USF support student mental health and well-being?," At the University of South Florida (USF), while there is no specific information provided regarding mental health and well-being support systems within the given context [1-3], it's important to note that overall, USF prioritizes the well-being of its students.

- As a top research university [2], USF conducts research that impacts and improves lives—locally and around the world. This includes potential contributions to understanding mental health issues and developing effective treatments or support systems.

Moreover, USF Health is Tampa Bay’s only academic medical center and thrives in partnership with various institutions focused on healthcare [2]. These include the College of Nursing, College of Public Health, Taneja College of Pharmacy, School of Physical Therapy & Rehabilitation Sciences, Biomedical Sciences Graduate & Postdoctoral Programs, and USF Health’s multispecialty physicians group. Although not explicitly stated that they offer mental health services, these institutions are likely to have departments or programs dedicated to addressing various health concerns, including mental health.

For more detailed information about student support services, it would be best to visit the official USF website and explore pages like the Student Health Services (<https://www.usf.edu/health-and-wellness/student-health-services/>) or Counseling Center (<https://www.usf.edu/counselingcenter/>).

References:
[1] <https://www.usf.edu/admissions/freshmen/admission-information/academic-requirements.aspx>
[2] <https://www.usf.edu/about-usf/>
[3] <https://www.usf.edu/facilities/service-center/index.aspx>",5.013510227203369,1624,406,True,"USF INFORMATION CONTEXT
[1] Source: Freshman Academic Requirements | University of South Florida (https://www.usf.edu/admissions/freshmen/admission-information/academic-requirements.aspx)
Content: application for Florida Board of Governor’s Regulation 6.005 consideration. -- Option 1: If you would like to be considered for traditional FTIC admission and potentially qualify for merit-based scholarships from the Admissions department, you will also need to submit SAT, ACT or CLT scores. Option 2: If you would like to be considered for Florida Board of Governor’s Regulation 6.005 admission, you will also need to submit the Florida A.A. Intent Form and an official transcript from the post-secondary/dual enrollment institution with Fall 2024 grades prior to admissions evaluation. To be automatically considered for both admission options, you must submit both your test scores and your post-secondary official transcript. Once admitted, you must: Pay the $200 admissions deposit. Reserve and attend a freshman Orientation date. Submit your final official college transcript that displays completion and award of an A.A. degree before you enroll in classes. Finish all other next steps on the...
[2] Source: About USF | University of South Florida (https://www.usf.edu/about-usf/)
Content: ld Report recognized USF with its highest overall ranking in university history, as a top 50 public university for the seventh consecutive year and as one of the top 15 best values among all public universities in the nation. Research that matters As a member of the Association of American Universities (AAU) , USF is now among the top research schools in North America. With a total annual economic impact of $6.02 billion, USF supports 68,704 jobs in the state. Our faculty and students are working on real-world problems, conducting research that impacts and improves lives—locally and around the world. USF Health As Tampa Bay’s only academic medical center, USF Health thrives in partnership with: Morsani College of Medicine (ranked No. 1 in the state ) College of Nursing College of Public Health Taneja College of Pharmacy School of Physical Therapy & Rehabilitation Sciences Biomedical Sciences Graduate & Postdoctoral Programs and USF Health’s multispecialty physicians group Together, USF...
[3] Source: Tampa Campus Facilities Services (https://www.usf.edu/facilities/service-center/index.aspx)
Content: l facility, please contact the Facilities Service Center at (813) 974-2845 or FM-ServiceCenter@usf.edu For an emergency facilities service request, call 813-974-2845 (24/7) All university Department work requests (paying and non-paying) must be submitted online . To learn more about the work request process, visit the Facilities Work Requests Page . Reserved Activity Requests Interested in hosting an activity on the Tampa campus? For information on submitting an activity request, securing rentals, or purchasing parking, visit the Reserved Activity Request page to learn more. You will also find additional resources for your activity, including parking accommodations, temporary signage requests, and rental items, such as tables and chairs. University Key Shop The Facilities Key Shop is responsible for the issuance of physical keys for E&G buildings. Moves and Relocations Need help with university Department-related moves and relocations? Visit the Moves and Relocations page for more info...
END CONTEXT
",0.383,1.0,0.4,2.0,"{'groundedness': 4, 'specificity': 4, 'citations': 4, 'clarity': 5}"
llama3.1:8b,How does USF support student mental health and well-being?,"USF supports student mental health and well-being through its various resources. However, there is no specific information provided in the context about direct support for student mental health.

That being said, USF's strong academic reputation and research focus may indirectly contribute to a supportive environment for students [1]. Additionally, as a top 50 public university, USF offers a wide range of programs and opportunities that can help students grow both academically and personally.

USF Health is also mentioned in the context, which includes various colleges such as the College of Nursing and the Taneja College of Pharmacy. While these colleges are focused on healthcare education and research, they may also provide resources or services related to student mental health and well-being.

Unfortunately, there is no direct information provided about specific programs or services that USF offers for student mental health support. If you're interested in learning more, I recommend visiting the university's website or reaching out to their admissions department for more information.

References:
[1] https://www.usf.edu/admissions/freshmen/admission-information/academic-requirements.aspx",2.896408796310425,1209,302,True,"USF INFORMATION CONTEXT
[1] Source: Freshman Academic Requirements | University of South Florida (https://www.usf.edu/admissions/freshmen/admission-information/academic-requirements.aspx)
Content: application for Florida Board of Governor’s Regulation 6.005 consideration. -- Option 1: If you would like to be considered for traditional FTIC admission and potentially qualify for merit-based scholarships from the Admissions department, you will also need to submit SAT, ACT or CLT scores. Option 2: If you would like to be considered for Florida Board of Governor’s Regulation 6.005 admission, you will also need to submit the Florida A.A. Intent Form and an official transcript from the post-secondary/dual enrollment institution with Fall 2024 grades prior to admissions evaluation. To be automatically considered for both admission options, you must submit both your test scores and your post-secondary official transcript. Once admitted, you must: Pay the $200 admissions deposit. Reserve and attend a freshman Orientation date. Submit your final official college transcript that displays completion and award of an A.A. degree before you enroll in classes. Finish all other next steps on the...
[2] Source: About USF | University of South Florida (https://www.usf.edu/about-usf/)
Content: ld Report recognized USF with its highest overall ranking in university history, as a top 50 public university for the seventh consecutive year and as one of the top 15 best values among all public universities in the nation. Research that matters As a member of the Association of American Universities (AAU) , USF is now among the top research schools in North America. With a total annual economic impact of $6.02 billion, USF supports 68,704 jobs in the state. Our faculty and students are working on real-world problems, conducting research that impacts and improves lives—locally and around the world. USF Health As Tampa Bay’s only academic medical center, USF Health thrives in partnership with: Morsani College of Medicine (ranked No. 1 in the state ) College of Nursing College of Public Health Taneja College of Pharmacy School of Physical Therapy & Rehabilitation Sciences Biomedical Sciences Graduate & Postdoctoral Programs and USF Health’s multispecialty physicians group Together, USF...
[3] Source: Tampa Campus Facilities Services (https://www.usf.edu/facilities/service-center/index.aspx)
Content: l facility, please contact the Facilities Service Center at (813) 974-2845 or FM-ServiceCenter@usf.edu For an emergency facilities service request, call 813-974-2845 (24/7) All university Department work requests (paying and non-paying) must be submitted online . To learn more about the work request process, visit the Facilities Work Requests Page . Reserved Activity Requests Interested in hosting an activity on the Tampa campus? For information on submitting an activity request, securing rentals, or purchasing parking, visit the Reserved Activity Request page to learn more. You will also find additional resources for your activity, including parking accommodations, temporary signage requests, and rental items, such as tables and chairs. University Key Shop The Facilities Key Shop is responsible for the issuance of physical keys for E&G buildings. Moves and Relocations Need help with university Department-related moves and relocations? Visit the Moves and Relocations page for more info...
END CONTEXT
",0.365,1.0,0.2,1.0,"{'groundedness': 3, 'specificity': 4, 'citations': 5, 'clarity': 4}"
llama3.2:3b,What are the career services offered by USF to help students with job placements?,"Unfortunately, there is no information provided in the USF Information Context about career services offered by USF to help students with job placements.

However, I can provide some general information about USF's resources for student success and career development. While not specifically focused on job placement, USF offers various programs and services that may support students in their professional pursuits:

• Research opportunities: As a member of the Association of American Universities (AAU), USF is recognized for its research capabilities, which can provide valuable experience for students interested in pursuing careers in academia, industry, or government.
• Internships and co-op programs: While not explicitly mentioned in the context, USF may offer internships and co-op programs that provide hands-on work experience and networking opportunities.
• Career counseling: Although not mentioned, USF's career services are likely to be available, providing students with guidance on resume building, job searching, and professional development.

If you're looking for more information on USF's career services or resources specifically designed to support job placement, I recommend visiting the University of South Florida's official website or contacting their Career Services department directly.

References:
[1] https://www.usf.edu/admissions/freshmen/admission-information/academic-requirements.aspx
[2] https://www.usf.edu/about-usf/
[3] https://www.usf.edu/facilities/service-center/index.aspx",2.1663761138916016,1519,379,True,"USF INFORMATION CONTEXT
[1] Source: Freshman Academic Requirements | University of South Florida (https://www.usf.edu/admissions/freshmen/admission-information/academic-requirements.aspx)
Content: application for Florida Board of Governor’s Regulation 6.005 consideration. -- Option 1: If you would like to be considered for traditional FTIC admission and potentially qualify for merit-based scholarships from the Admissions department, you will also need to submit SAT, ACT or CLT scores. Option 2: If you would like to be considered for Florida Board of Governor’s Regulation 6.005 admission, you will also need to submit the Florida A.A. Intent Form and an official transcript from the post-secondary/dual enrollment institution with Fall 2024 grades prior to admissions evaluation. To be automatically considered for both admission options, you must submit both your test scores and your post-secondary official transcript. Once admitted, you must: Pay the $200 admissions deposit. Reserve and attend a freshman Orientation date. Submit your final official college transcript that displays completion and award of an A.A. degree before you enroll in classes. Finish all other next steps on the...
[2] Source: About USF | University of South Florida (https://www.usf.edu/about-usf/)
Content: ld Report recognized USF with its highest overall ranking in university history, as a top 50 public university for the seventh consecutive year and as one of the top 15 best values among all public universities in the nation. Research that matters As a member of the Association of American Universities (AAU) , USF is now among the top research schools in North America. With a total annual economic impact of $6.02 billion, USF supports 68,704 jobs in the state. Our faculty and students are working on real-world problems, conducting research that impacts and improves lives—locally and around the world. USF Health As Tampa Bay’s only academic medical center, USF Health thrives in partnership with: Morsani College of Medicine (ranked No. 1 in the state ) College of Nursing College of Public Health Taneja College of Pharmacy School of Physical Therapy & Rehabilitation Sciences Biomedical Sciences Graduate & Postdoctoral Programs and USF Health’s multispecialty physicians group Together, USF...
[3] Source: Tampa Campus Facilities Services (https://www.usf.edu/facilities/service-center/index.aspx)
Content: l facility, please contact the Facilities Service Center at (813) 974-2845 or FM-ServiceCenter@usf.edu For an emergency facilities service request, call 813-974-2845 (24/7) All university Department work requests (paying and non-paying) must be submitted online . To learn more about the work request process, visit the Facilities Work Requests Page . Reserved Activity Requests Interested in hosting an activity on the Tampa campus? For information on submitting an activity request, securing rentals, or purchasing parking, visit the Reserved Activity Request page to learn more. You will also find additional resources for your activity, including parking accommodations, temporary signage requests, and rental items, such as tables and chairs. University Key Shop The Facilities Key Shop is responsible for the issuance of physical keys for E&G buildings. Moves and Relocations Need help with university Department-related moves and relocations? Visit the Moves and Relocations page for more info...
END CONTEXT
",0.373,1.0,0.0,0.0,"{'groundedness': 3, 'specificity': 4, 'citations': 5, 'clarity': 5}"
mistral:7b,What are the career services offered by USF to help students with job placements?," • Career Services offered by USF to help students with job placements include:
   - Internship opportunities [2]
   - Job search assistance and resources such as Handshake, a platform connecting students to potential employers [1]
   - Career advising services for resumes, cover letters, and interview preparation [1]
   - Workshops and events focusing on career development skills [1]
   - Access to job fairs and employer information sessions [2]
   - Opportunities to connect with alumni for networking purposes [2]

References:
[1] https://www.usf.edu/admissions/freshmen/admission-information/academic-requirements.aspx
[2] https://www.usf.edu/about-usf/",2.245861530303955,661,165,True,"USF INFORMATION CONTEXT
[1] Source: Freshman Academic Requirements | University of South Florida (https://www.usf.edu/admissions/freshmen/admission-information/academic-requirements.aspx)
Content: application for Florida Board of Governor’s Regulation 6.005 consideration. -- Option 1: If you would like to be considered for traditional FTIC admission and potentially qualify for merit-based scholarships from the Admissions department, you will also need to submit SAT, ACT or CLT scores. Option 2: If you would like to be considered for Florida Board of Governor’s Regulation 6.005 admission, you will also need to submit the Florida A.A. Intent Form and an official transcript from the post-secondary/dual enrollment institution with Fall 2024 grades prior to admissions evaluation. To be automatically considered for both admission options, you must submit both your test scores and your post-secondary official transcript. Once admitted, you must: Pay the $200 admissions deposit. Reserve and attend a freshman Orientation date. Submit your final official college transcript that displays completion and award of an A.A. degree before you enroll in classes. Finish all other next steps on the...
[2] Source: About USF | University of South Florida (https://www.usf.edu/about-usf/)
Content: ld Report recognized USF with its highest overall ranking in university history, as a top 50 public university for the seventh consecutive year and as one of the top 15 best values among all public universities in the nation. Research that matters As a member of the Association of American Universities (AAU) , USF is now among the top research schools in North America. With a total annual economic impact of $6.02 billion, USF supports 68,704 jobs in the state. Our faculty and students are working on real-world problems, conducting research that impacts and improves lives—locally and around the world. USF Health As Tampa Bay’s only academic medical center, USF Health thrives in partnership with: Morsani College of Medicine (ranked No. 1 in the state ) College of Nursing College of Public Health Taneja College of Pharmacy School of Physical Therapy & Rehabilitation Sciences Biomedical Sciences Graduate & Postdoctoral Programs and USF Health’s multispecialty physicians group Together, USF...
[3] Source: Tampa Campus Facilities Services (https://www.usf.edu/facilities/service-center/index.aspx)
Content: l facility, please contact the Facilities Service Center at (813) 974-2845 or FM-ServiceCenter@usf.edu For an emergency facilities service request, call 813-974-2845 (24/7) All university Department work requests (paying and non-paying) must be submitted online . To learn more about the work request process, visit the Facilities Work Requests Page . Reserved Activity Requests Interested in hosting an activity on the Tampa campus? For information on submitting an activity request, securing rentals, or purchasing parking, visit the Reserved Activity Request page to learn more. You will also find additional resources for your activity, including parking accommodations, temporary signage requests, and rental items, such as tables and chairs. University Key Shop The Facilities Key Shop is responsible for the issuance of physical keys for E&G buildings. Moves and Relocations Need help with university Department-related moves and relocations? Visit the Moves and Relocations page for more info...
END CONTEXT
",0.39,1.0,1.0,6.0,"{'groundedness': 3, 'specificity': 5, 'citations': 5, 'clarity': 4}"
llama3.1:8b,What are the career services offered by USF to help students with job placements?,"Unfortunately, the provided context does not mention specific career services offered by USF to help students with job placements. However, I can provide some general information about USF's research and economic impact, which may be related to career opportunities.

• As a member of the Association of American Universities (AAU), USF is among the top research schools in North America [2].
• Research conducted at USF has a total annual economic impact of $6.02 billion, supporting 68,704 jobs in the state.
• Our faculty and students are working on real-world problems, conducting research that impacts and improves lives—locally and around the world.

It's worth noting that while this information highlights the significance of research conducted at USF, it does not directly address career services offered by the university to help students with job placements.

References:
[1] https://www.usf.edu/admissions/freshmen/admission-information/academic-requirements.aspx
[2] https://www.usf.edu/about-usf/",2.7426531314849854,1010,252,True,"USF INFORMATION CONTEXT
[1] Source: Freshman Academic Requirements | University of South Florida (https://www.usf.edu/admissions/freshmen/admission-information/academic-requirements.aspx)
Content: application for Florida Board of Governor’s Regulation 6.005 consideration. -- Option 1: If you would like to be considered for traditional FTIC admission and potentially qualify for merit-based scholarships from the Admissions department, you will also need to submit SAT, ACT or CLT scores. Option 2: If you would like to be considered for Florida Board of Governor’s Regulation 6.005 admission, you will also need to submit the Florida A.A. Intent Form and an official transcript from the post-secondary/dual enrollment institution with Fall 2024 grades prior to admissions evaluation. To be automatically considered for both admission options, you must submit both your test scores and your post-secondary official transcript. Once admitted, you must: Pay the $200 admissions deposit. Reserve and attend a freshman Orientation date. Submit your final official college transcript that displays completion and award of an A.A. degree before you enroll in classes. Finish all other next steps on the...
[2] Source: About USF | University of South Florida (https://www.usf.edu/about-usf/)
Content: ld Report recognized USF with its highest overall ranking in university history, as a top 50 public university for the seventh consecutive year and as one of the top 15 best values among all public universities in the nation. Research that matters As a member of the Association of American Universities (AAU) , USF is now among the top research schools in North America. With a total annual economic impact of $6.02 billion, USF supports 68,704 jobs in the state. Our faculty and students are working on real-world problems, conducting research that impacts and improves lives—locally and around the world. USF Health As Tampa Bay’s only academic medical center, USF Health thrives in partnership with: Morsani College of Medicine (ranked No. 1 in the state ) College of Nursing College of Public Health Taneja College of Pharmacy School of Physical Therapy & Rehabilitation Sciences Biomedical Sciences Graduate & Postdoctoral Programs and USF Health’s multispecialty physicians group Together, USF...
[3] Source: Tampa Campus Facilities Services (https://www.usf.edu/facilities/service-center/index.aspx)
Content: l facility, please contact the Facilities Service Center at (813) 974-2845 or FM-ServiceCenter@usf.edu For an emergency facilities service request, call 813-974-2845 (24/7) All university Department work requests (paying and non-paying) must be submitted online . To learn more about the work request process, visit the Facilities Work Requests Page . Reserved Activity Requests Interested in hosting an activity on the Tampa campus? For information on submitting an activity request, securing rentals, or purchasing parking, visit the Reserved Activity Request page to learn more. You will also find additional resources for your activity, including parking accommodations, temporary signage requests, and rental items, such as tables and chairs. University Key Shop The Facilities Key Shop is responsible for the issuance of physical keys for E&G buildings. Moves and Relocations Need help with university Department-related moves and relocations? Visit the Moves and Relocations page for more info...
END CONTEXT
",0.434,1.0,0.2,1.0,"{'groundedness': 4, 'specificity': 3, 'citations': 5, 'clarity': 4}"
